entity_id,entity_type,is_criminal,pattern_type
1VD8tWrX2ZiyUtSrXETGnzEbAizy,wallet,True,ransomware_peelchain
bc1dzmudx7rakk98d53kw0wat0etfd7t0,wallet,True,ransomware_peelchain
ad9b08b2615abae52880857a8fff2710c6a257f94cff572edbf068cd47c333b1,txid,True,ransomware_peelchain
bc1gj3leg6lsnzdargfhdv43gmat6gaj,wallet,True,ransomware_peelchain
bdc0efe5885df9226cdbea6adf0643734309cafc729c70c583c744bf62090aa4,txid,True,ransomware_peelchain
bc18r4jc7ktgyrf4twwp43ed2n6cpvfqf,wallet,True,ransomware_peelchain
16641d1856b255838caa782560be3818db28461cfc54216c4b9af462bfba5731,txid,True,ransomware_peelchain
1znE68KQi5RxhUhzAL4CfBmeJJ,wallet,True,ransomware_peelchain
e46055c6d12e722204e33b08f09491522c040611ab1019daf64a43c008b46a89,txid,True,ransomware_peelchain
bc1mek5srrtdxs6kd03trgt8m54k,wallet,True,ransomware_peelchain
a57872bda533ce8c3beb87bf5bad7cb8bd25aba3e67aa42cad9096e5a821a4b3,txid,True,ransomware_peelchain
1v89WFY8wdQcRyeyFbExA6dRYb,wallet,True,ransomware_peelchain
817b7d54c6fc5a9a2fab3eee147fe92bf312e66e50e53d4f0b7cdb7ae40be4e7,txid,True,ransomware_peelchain
1v6EsF4AoFDFS5tYf8MUzNQAAq1D5uhL,wallet,True,ransomware_peelchain
36d21af3fce8e9bddd7d3ee3ab6d162096a59a441f8a8aa18cb99ece9d057d7e,txid,True,ransomware_peelchain
bc1meseq4w5s54gjdp88v5kfky,wallet,True,ransomware_peelchain
54bf31754bb30ca16bd171742b10676b873b5b160e0d27a2e22cf31a5a13c6e2,txid,True,ransomware_peelchain
bc1eet8nd00hf3q2vd9tt5gxplzp920r,wallet,True,ransomware_peelchain
b0a2ea855657912ad6c6ca6b2c3becfce15e668104fcc0cb468ac2e91254f02a,txid,True,ransomware_peelchain
1mt9YGV5RyseycRPB9zHNypY1czNDg,wallet,True,ransomware_peelchain
4a170f8c3bbe5826a06822f335ae6ea6556bbd25da5410454690a66eb58070f8,txid,True,ransomware_peelchain
1sk4W8anr5rkkTrdWDaDpvv3X8F,wallet,True,ransomware_peelchain
5891ee3fc0846c2da08de5b29478e2ce95e4919c00a0e29f286e6e18138f2c12,txid,True,ransomware_peelchain
bc1ujn98sx6t4rafnu7s3ld2lvwr4,wallet,True,ransomware_peelchain
e57a4432144494a29d0c176b2e9ebdd62c2e5757e24892402d14f79c620fea75,txid,True,ransomware_peelchain
bc1lajfklgqqq3hyg7yxzelja8q,wallet,True,ransomware_peelchain
a5aca863eb2c53716f319b57ede1b10d00caee73c8ea0beb7421b112476a206b,txid,True,ransomware_peelchain
1pQ3D7jhfZcKHURSfVrRu7C8sDNHsM91,wallet,True,ransomware_peelchain
126367595538fb2f923aebd0587bf5e1ae9db965669c6b66b01b14e3b7be2a04,txid,True,ransomware_peelchain
bc1ddzjnea4mfqare0qeytcz8ahxm6,wallet,True,ransomware_peelchain
1148e111144472f345ad564ee96b64e0392c5fe4c4acaab273972e781ca3d8bf,txid,True,ransomware_peelchain
bc1s6s5ygmrvharddux4ee4a2zhy3qa,wallet,True,ransomware_peelchain
bc1a64yhexrf63hp0l44x6dtakpe4yzak,wallet,True,ransomware_peelchain
02e63cd6ca35658d072be733f4bd7ac114ec4e959852fae786e48bbd816c7b58,txid,True,ransomware_peelchain
1wk5XJjUFw5YrwHn3sdSWez9vbb6P,wallet,True,ransomware_peelchain
bc1u9lvgsde8zm59md4zsqp80mj9,wallet,True,ransomware_peelchain
bdd9fa08c33f600b9b4caf7cc26d39a28488415e1feca4cf156ebf487c8d66fa,txid,True,ransomware_peelchain
bc1p88dkla7ntnjhal6ey3762p8n3z57,wallet,True,ransomware_peelchain
bc1s45c28jchtrca5h24nrmxj78uch,wallet,True,ransomware_peelchain
541f0dc63a6aba265b535150ab9e46ff4a0323877b35490828e3a68787179eb9,txid,True,ransomware_peelchain
bc1pym0jzaxmur66pq3t2q7acjyff8jtanw,wallet,True,ransomware_peelchain
bc1cf39dt4rpz5a4heqnlqs60jpfrt7q,wallet,True,ransomware_peelchain
de80e43be79711d7d34a9ef3e94c2382b13298f31ffb214cb80b0c2e700529c2,txid,True,ransomware_peelchain
1yDN7WGdUSc7Ap9ivv8JYdJnVv,wallet,True,ransomware_peelchain
4a6d2f2378823b49e5027a2ad0595d9683e7703bb177ab092612db21c84cc3ce,txid,True,ransomware_peelchain
1MyLWsZ3wFPW3P4sXaHgkiZ7VF5YTvp,wallet,True,ransomware_peelchain
72f10ca40125174a06b4963c66df4bf61d06e1acd94bb32aabf8e6998474dace,txid,True,ransomware_peelchain
18sxKQF3jWG4x2DC3411V7Tq62e,wallet,True,ransomware_peelchain
951ccf08c4b3684261587405345cff2f3f9770bcdab3d8fb8c9f7ca49d865588,txid,True,ransomware_peelchain
1Zm2tn4rb8XjtbuiHyEzqZuPxdB,wallet,True,ransomware_peelchain
fc3cd663b4bde6f327054252dbad16b9505258777da7ff075df132485038162d,txid,True,ransomware_peelchain
1vq86W6eRPJGHH1wCo7kH7Yvq7n5jdM78,wallet,True,ransomware_peelchain
f5dc5745248b5116aa69ead5c0b52eddf927d41fc907425c40e017f213488f03,txid,True,ransomware_peelchain
1JU5Ffw6LwRrtSAFnunwKpcCd76yqrBxT2,wallet,True,ransomware_peelchain
cf7f710491f3e5823c36c854a5792a2dbc0fe260176ce6170d9221246d86bc32,txid,True,ransomware_peelchain
113urWT6wygZ7EoKEgd8puKXvDWwagNLc,wallet,True,ransomware_peelchain
f36d5b88e08323d32d1598a62ace05e2ca0968602f03868f7070b8e422397d58,txid,True,ransomware_peelchain
1WeDtPi6nQgLyrCEryhKob9Pyxi,wallet,True,ransomware_peelchain
ba56f939325516019d7e4bc565ae53a641375bf56dbb94ffabd8efd66b58de3b,txid,True,ransomware_peelchain
bc1tv370ek5zmh7hvsuhs2y863pj,wallet,True,ransomware_peelchain
3e8ba4bc7edf90d027ee409e564c28798698d6b1001f811299d04207f6e5d505,txid,True,ransomware_peelchain
1hkgJGSNw1Qq4wCg8sPAR5u5A1c,wallet,True,ransomware_peelchain
78f78f5392413f43bdfba2677b1f992d2cbf166c8f1bc219a1c92893972aae4f,txid,True,ransomware_peelchain
17F6y84dzQnuWP4TFB8AAqPofConqvwiY,wallet,True,ransomware_peelchain
7a2fb6815b6507e0f2dd08d53cfe998d5fe6cb5f29d8c3b3f2a394999659cea6,txid,True,ransomware_peelchain
bc1tcjtvgcjgkz4fdhnc7pd26gea,wallet,True,ransomware_peelchain
9d75a3bb5c0f9fc8691e46dd49e1d72f98887a0a16daf9c1fec7d99be544e1aa,txid,True,ransomware_peelchain
bc19hj7waqmjk7plygfy96j87dgmlupn4w,wallet,True,ransomware_peelchain
42fc745defc1bc150da59229835d8ed0780b8515754cf3fe488bbac3b38b54ac,txid,True,ransomware_peelchain
bc1ur6mk43j74d8p44qhjkn7tr,wallet,True,ransomware_peelchain
bc1krqk68dp3cykenrl39g5c4cl,wallet,True,ransomware_peelchain
124743b271db5a501d41c26e96797a3aba59560b398f20be7b2901f6b6aae8bb,txid,True,ransomware_peelchain
1PCkHc8NctL9jmMjc8WKLYqRRU,wallet,True,same_actor_cluster
1731ebngkB4qqXkPidgLjiG1tpMzRt1,wallet,True,same_actor_cluster
14gecgwo29YZ986aCtRNHFzauR,wallet,True,same_actor_cluster
1BiqFKQoe9ecfL96FmX1SCnjVkj3D,wallet,True,same_actor_cluster
1NjyWyNeLA7QUPaeqEnT8dnh4JziZ,wallet,True,same_actor_cluster
bc19js4nfq8lp7t7aurwve634fpauqj42qy,wallet,True,same_actor_cluster
bc1hp2de3rg5cqxumvf6ey7pnj3spd4auhk,wallet,True,same_actor_cluster
bc1xsmdyzdsupgkwqt9sczjxc78qpxn4,wallet,True,same_actor_cluster
69e1b895bc2d35e4979ffa4cedecec87ad86d74abef64be649ce0084859b6237,txid,True,same_actor_cluster
531ec5fe2da1c2dc364009c657ec9e49b710ed500a97cc2c5f9c2e9ef2525270,txid,True,same_actor_cluster
db611334754aed3334aa9c6dc83ce4351d302757579b4f271332bae20cf61f3d,txid,True,same_actor_cluster
80c9ae4890cf33c4a0e945c2f03e815b566d8ebd095f3036ce96a0ded17a68d3,txid,True,same_actor_cluster
da66cff9a8a6c0163215b53ef0e29b706362cf82f0658391fbb505fa856a8ff6,txid,True,same_actor_cluster
7c9693e2905d81d505f5cd49f518fa9ea1aaf8a466093126cb002df25c66f877,txid,True,same_actor_cluster
18d0edf28a1a4fda67f7be9bced592d803a2a2b0663a7d35c95c646ad7d84c7c,txid,True,same_actor_cluster
7fd417dd0bdaf9f4e910d1c91a9b46abacf3d51569a70f237e511fc4ac0ad0f4,txid,True,same_actor_cluster
116fd9484810eaa82f15963dc668ea7342f5e633d8cee82d5cf9af7dee71fcc7,txid,True,same_actor_cluster
78289b86dca7061300fd0dcc145bae297bf2210cd2e0a898daaef22782020f23,txid,True,same_actor_cluster
98249bf0257d91cfb9f8c01a1e3cb415020727f287b3e2442f61457f654ab7ba,txid,True,same_actor_cluster
7c6d885ad089de949db86a1c6d9b01a82c505f2a0cfb422781293dbec2d2dcd4,txid,True,same_actor_cluster
d665aad3306b50ed595489348918a5b8a49f2f0bb111bc6834cd8d74fb60eac9,txid,True,same_actor_cluster
15b040c0818b71b074926103f31b8201a997c1091b590b537fd7088f6c48d31b,txid,True,same_actor_cluster
1c2ee3df0e02c362fdfc15c19e10d7114200a94a75cf87a630ee9a39aa09b4f2,txid,True,same_actor_cluster
dd4c7ed6af67ad3096886257ba668b12e368f533c999ba02d81cb5c3a24844c8,txid,True,same_actor_cluster
96a79c1072f4eff55102c769991bfc8bc8ff075a20d682eb59f8cc37bd507eed,txid,True,same_actor_cluster
05e13a022ca7fff0a3072840923afce330da540656711a65eeedb82a6e091400,txid,True,same_actor_cluster
791497267ed06dfc9f13089a2b7e680451082a14fafef784cd0d7bf7b12a34e1,txid,True,same_actor_cluster
96d336075dd614d2daeac9caace2ebf042637bc2d23830c993a6c541d464f3a6,txid,True,same_actor_cluster
ef1a171ef5a7dd4f5beee8eec223bddbe166f3070e67b63b22a5ab32fd8112c2,txid,True,same_actor_cluster
a88f751d28decd291b52da4a78426c8853f69667c4b11a820c117b3795680f9d,txid,True,same_actor_cluster
40b4e1f89cd4d988ca0d18a9acbb3022bbd31b62bb5d02756ddf9c954bd14d4a,txid,True,same_actor_cluster
4063ce91996ee6ca1e89d1ab28ab82f16448b03ddd921228a3d1092b7ad7eb84,txid,True,same_actor_cluster
b8d81c10050c77e685bc549f59167321be021278345970f1e5ed9b12536a7eeb,txid,True,same_actor_cluster
485dee4288a0b87fadcccb4de614cb558257a9c4717830ee18fdfa04f11d0a72,txid,True,same_actor_cluster
1deab3c024d4358c5945d790b0273a765451c07838db306cf68d62c58cbf80c4,txid,True,same_actor_cluster
1cfadbcf13028478f3cf79a3908b633f9ef4ab60ccf5aec59f847b55d50580ff,txid,True,same_actor_cluster
06853d269949ff84fbc9001b52e6da0f2e690b9e6f34f903e6fab0c8e7c74047,txid,True,same_actor_cluster
53a8f999131f470ee0c5d5675f9d7ffdb49c1ee5078ac46debfcc749156809f7,txid,True,same_actor_cluster
d3d2118ad119f361719f14aed4d80f17cb8cbfbc2b1650cec610b830b61cd213,txid,True,same_actor_cluster
f5d337e69fa51e176f49103e18ebb635f15b5649aa0524465f47f7f01770d59e,txid,True,same_actor_cluster
688cd1096ceaa4839c337a2037cd55279d8e2caa22d0343a05219dc12ee7f5d1,txid,True,same_actor_cluster
a34f3c1a4e021d9cac1cd334421c3cd2fe8aa2db6b2dbb26e88b4e00adfadc98,txid,True,coinjoin_mixing
bc1k27q409q2r9zwdqyqtxw5jflyfwt0dyh,wallet,True,coinjoin_mixing
18EYxLQSi2RQXWDus2iCEzsUJo3ZjK,wallet,True,coinjoin_mixing
bc1t66n9qj9yjxhj5ag8d6hmtvpeayfy8u,wallet,True,coinjoin_mixing
11iB8FkRzD25dbVXFQBqhCZDgjFsuW3,wallet,True,coinjoin_mixing
bc1vxala6ckskny7ceekjsu5vszyxmfv2w,wallet,True,coinjoin_mixing
bc15f8qaz3v69tnppeah3mfhsy05ag7tk,wallet,True,coinjoin_mixing
1vqFjh1HNds22g4GVCRBE8vcb4PwHEACi,wallet,True,coinjoin_mixing
bc1jmtlj5308fewgn7znqkhv4lm75cw,wallet,True,coinjoin_mixing
1TYBbCrxhyPLF48k8TYXLHngR7nBzwyuZT,wallet,True,coinjoin_mixing
bc1gp8yep2wva7kw3g2zppw2twgzs7,wallet,True,coinjoin_mixing
1EKZFveCQ93P9kKvQQDammPhnXB,wallet,True,coinjoin_mixing
1y7LXCvrT7VpMdnztLJmd8uV6n1t,wallet,True,coinjoin_mixing
bc1mauppye5mku9lzvm6pnh8rcge26ru,wallet,True,coinjoin_mixing
1L8TiK6ju6Wo2NXkr7HVVx75YiVVU,wallet,True,coinjoin_mixing
bc1507kad3rhqvdp2km6cwuxhyhfp859p8v,wallet,True,coinjoin_mixing
1VCBiAFMqoR59W9vyQ72aiqczDoe,wallet,True,coinjoin_mixing
bc1zukzgrk5gzltlw8kfyrlltr,wallet,True,coinjoin_mixing
1NB9tuCzfxV4Ginb2z46jhXeDbz,wallet,True,coinjoin_mixing
1DW3MUoJeMqTooSwxoLM3Vy8zmnP,wallet,True,coinjoin_mixing
bc1uk8j84sz5sntgyhpr58f4hj3xy,wallet,True,coinjoin_mixing
1CC5u8be6qZSf64bGJYdQqDoQfzX,wallet,True,coinjoin_mixing
bc1hf4sqhvtq0x6pujmfytzhl368vp,wallet,True,coinjoin_mixing
1mWQdRt25Lucr8ottoyhmahPK3W5Q4JVq,wallet,True,coinjoin_mixing
bc1gfq5m5cqn65kmsczmkm8c2xuqz3cp,wallet,True,coinjoin_mixing
bc1f4ly28uq2gqny6n22vwk8ynxa3ums8,wallet,True,coinjoin_mixing
15RQbFoaxWqzfqzphRvMfevfXxC7ym,wallet,True,coinjoin_mixing
1rUwWGdKYhBWbyX3455PP1Jzmj1,wallet,True,coinjoin_mixing
bc1mcfa2vscf6908qwv8vetva3fa,wallet,True,coinjoin_mixing
bc1q6gxqvfeglykwzmqkupx3j9ra03,wallet,True,coinjoin_mixing
111hYkfmu91n9vgu52v6CyhDsrWNdMEpy,wallet,True,coinjoin_mixing
b0e4840a1edae85f1a6dc20b5012da07f3b3af3de88c3429b6824789e466995a,txid,True,coinjoin_mixing
1VoS7uc25Hocfo9mMHxGzDWVCupxAwJ3HJ,wallet,True,coinjoin_mixing
bc1v0arjsyq4yfq9nt3f8rzhqllnuh7yt,wallet,True,coinjoin_mixing
1R64gKW32bJx4MJpQ7JQu3mPvd71,wallet,True,coinjoin_mixing
1Lash4Tj4bKjkxuCYott8ciVuXocCPNn1,wallet,True,coinjoin_mixing
bc1p94l0jxwesxhrm39e0mxp7sx8m572,wallet,True,coinjoin_mixing
bc1jsze08st0uj8lz5dsk372wj8x95nnzzf,wallet,True,coinjoin_mixing
11ho7k2NJHjXhqcF995pUzFPXQwvyg6K9,wallet,True,coinjoin_mixing
1xXDvXnsU1fP3QhHi9GsQ35Kmj,wallet,True,coinjoin_mixing
12J3hCt6PLYfTZSuFZ2KPD2MAwZqYAf,wallet,True,coinjoin_mixing
bc13m2js6ul80m4da83st3qjp2,wallet,True,coinjoin_mixing
bc1vs690kqhmm20xvex3p59ua0sz,wallet,True,coinjoin_mixing
bc1gkrezu7trqnxml52r3zjrdpm8dq,wallet,True,coinjoin_mixing
bc18sal92u7a7rcy3ltv083rafja6y,wallet,True,coinjoin_mixing
1J1Fg5LQhPgj1L45fkQE6fA9erYQrCrBH,wallet,True,coinjoin_mixing
bc18mmc6pjy4vv5g6jvlxey35k9qw4j64q2,wallet,True,coinjoin_mixing
bc13cx4e28tlxr7s7ypzq84hmahtwxq6sq,wallet,True,coinjoin_mixing
1AV5vduHUBMm7WWPCeibnf7iUdoA1,wallet,True,coinjoin_mixing
bc1t9n5rhquyt8dlntl4whdq9nm,wallet,True,coinjoin_mixing
1epmZqpdAYgS6EgeXiwos6hZ7Rfo,wallet,True,coinjoin_mixing
bc16f8xjdf5kafjecps8frqnwjldt4d,wallet,True,coinjoin_mixing
bc18ln45un6shgpkjj0eeezu530v7fzmz,wallet,True,coinjoin_mixing
bc159gn84eywycqgpnauz6ru2dhy,wallet,True,coinjoin_mixing
1ac45167491e95c4c7871464ff205575e362c4a80a2ccd1c4ff2be827e861a2a,txid,True,coinjoin_mixing
bc1rm3uk050g3uar6kd9e6sjp7,wallet,True,coinjoin_mixing
bc14fjepeymwmwdsp6v8xyj4dsxtyh6,wallet,True,coinjoin_mixing
1DdYkiyQgSaTteYScwrXp8gMDYD3RpJt,wallet,True,coinjoin_mixing
bc1xa9y7etdsc59anyavk06ca2u,wallet,True,coinjoin_mixing
1sBhnqUdXpGNzeQX9NTiEKRWDEfrYDAxdj,wallet,True,coinjoin_mixing
bc1qkmgq3zhh2axgrmpjyfxqnv,wallet,True,coinjoin_mixing
bc13mznh045ehpfqncz95nuf2r,wallet,True,coinjoin_mixing
bc1hp580shwfqd8ugg7hugz5w6u2,wallet,True,coinjoin_mixing
bc1fepgmw0aw7acxf6msg6kuc7s62jwz6,wallet,True,coinjoin_mixing
bc1puk5r3k2sp82nnl8usx8xhf,wallet,True,coinjoin_mixing
bc1wkp2xk3u5thg4plagyhc97gyn4a4,wallet,True,coinjoin_mixing
bc18uxuz2nt8vpg87scj0mrkgvj2kdl,wallet,True,coinjoin_mixing
bc1nstx2w0kuanlfpe9xzjsvf4f65gt6rj,wallet,True,coinjoin_mixing
bc1297f3zamazfnhsrhctxcntvxshqhl,wallet,True,coinjoin_mixing
bc19x6nxaqyel323nfxrh48jwmkur,wallet,True,coinjoin_mixing
1X1VaNbJ7FRGCyuS5VY3vyhE8uoQ4xd,wallet,True,coinjoin_mixing
1LfTisVRGuEVRfLfdR5ryd9RfNgxQ,wallet,True,coinjoin_mixing
bc1dc0n55x6y5cpzvr2h85slxqf,wallet,True,coinjoin_mixing
bc1rulmsgylrt2sy87js4n66glt,wallet,True,coinjoin_mixing
1FALPigoNkZR6hsw3o9Wwo6iHb6,wallet,True,coinjoin_mixing
d86477e8df7e1eb0952935c80ccbe3032ba05528583aa780960f03fa01ad5822,txid,True,coinjoin_mixing
bc1ucxcycsvpr4f6xgx33vgthezag,wallet,True,coinjoin_mixing
1W2GxVTcKYEDNzVPVkCTKZTHq9n3,wallet,True,coinjoin_mixing
1weLY5EW3M7ZLVrZvzYfC4GXEM,wallet,True,coinjoin_mixing
bc1amqr0w3zld7e7zr95s5pzz3,wallet,True,coinjoin_mixing
bc1w5s9ftwj7q8ujkuqk68l56v,wallet,True,coinjoin_mixing
1nAR6sLGkNRhTZwcjXL4fhQY2y,wallet,True,coinjoin_mixing
bc1xu6rqkqquh5kj4mw3cyp0vs,wallet,True,coinjoin_mixing
1a2jBjV6TyjSjcgrBmWmU4h768R1tJ4Q,wallet,True,coinjoin_mixing
bc1g7r7wg7yefe09vpzp72k8wdp,wallet,True,coinjoin_mixing
bc1j04xg9ll3n3gw7mum3w4u2mxn6c0jrfh,wallet,True,coinjoin_mixing
bc1kuzhcj5z0unwsh9xy2kquszc,wallet,True,coinjoin_mixing
13JSQYQeGsJgoq1PSy8o23JN2ZRbJi8G9,wallet,True,coinjoin_mixing
bc1fant7ggpr8ea4lh4z2sta3artfhauyy,wallet,True,coinjoin_mixing
17sJYUmrjT1YschujvWVC5hM7rCPuc,wallet,True,coinjoin_mixing
bc1jw0u6tzmrl0laqdm7a537c9,wallet,True,coinjoin_mixing
1A7mFXQrrrWcpERqrjRmDCBpAM,wallet,True,coinjoin_mixing
1UpkxwV9PG4RYftfSf2vX8NHnBe5MDHdn,wallet,True,coinjoin_mixing
bc13nldfu5dqnd6h86yn0hp78x,wallet,True,coinjoin_mixing
bc14zaxv703xwe6cu7qu8uy4vanq,wallet,True,coinjoin_mixing
bc1zfq908jsrx2upmjhx88ceev,wallet,True,coinjoin_mixing
1TAS3sUXANGHfRjuqU51i2Tt6PG1VSb,wallet,True,coinjoin_mixing
1dXYz51C8AbhiJQAxUuaprzL74G,wallet,True,coinjoin_mixing
1jLGgEHNZGD4b1V7A25tYWr4f9Tgg1W91,wallet,True,coinjoin_mixing
bc1dcumjjqcqy4yvma3sztcl98h8g,wallet,True,coinjoin_mixing
13P7hekVZz4si3gtxTaQvrEZ1ucJ7y,wallet,True,coinjoin_mixing
1BxpeM5AQyvZXzrWsboddytWSXZfv4acd,wallet,True,coinjoin_mixing
1CpNSrRz5YR91s3ofbee7u1e7tHN3EN4n,wallet,True,coinjoin_mixing
1VKQsezU8Nmu6CbgLgtsbBZfm27Y92Cnw,wallet,True,coinjoin_mixing
bde3d3a14b2f8ba4f3c5975f6854918ff26e7172140c6dba2db2b9d4f2581ef9,txid,True,coinjoin_mixing
15yg4fwMyFDNn6qUxcaMXgWhJu49SdD,wallet,True,coinjoin_mixing
bc145ls07enf68lplk2yuh8k7gud5,wallet,True,coinjoin_mixing
1mqPepWpWvLFsxbwditsJ4xtjBao5,wallet,True,coinjoin_mixing
bc18dgecf4q35kavzjzs7wka99k6,wallet,True,coinjoin_mixing
bc1reu47mrtz4z5gt86yzzv8r28,wallet,True,coinjoin_mixing
19eThujixHcu3GLQxo3YASeWGhg2,wallet,True,coinjoin_mixing
bc1xdg3kyyvpv5jm4q3mlpnewmag6jlxq3h,wallet,True,coinjoin_mixing
bc19y0va7e5kcs4cxhpkdyggy3dvrxuq8dk,wallet,True,coinjoin_mixing
bc12n98yz9xf03f3v3kau3l3h8y9l36k8,wallet,True,coinjoin_mixing
1KxUvrsmcpuGUSw5Me6EJsx8AbxbuTVy,wallet,True,coinjoin_mixing
1RQKGfBVt4WESriK4X8Lf9dLBBR6msnP,wallet,True,coinjoin_mixing
12Te79ohNyVyZHNLPHs2Wjcjian,wallet,True,coinjoin_mixing
1crnLkkDNkN8TRdSsS56VgpWxErCQ,wallet,True,coinjoin_mixing
bc14ez6688j2cz9jnn0s34jf8pgetkzf9c,wallet,True,coinjoin_mixing
bc14az20qsg8alg2z0kwaqvznjkkfa0p7wf,wallet,True,coinjoin_mixing
1U7Xr5DfgxqANLuCdxiZSL7FJzLPZb7,wallet,True,coinjoin_mixing
bc12xt4saq05wlx7cz7q2vq7a6h786s0j,wallet,True,coinjoin_mixing
bc1nn9mk7dlkzuvqpkcguzjntuw0m05c,wallet,True,coinjoin_mixing
1Yn79e9XcGX36VYEndDfjdzKGbL766xy,wallet,True,coinjoin_mixing
bc1wnj07373thawden3hyxvp2ls,wallet,True,coinjoin_mixing
ce5f4662f1ecd8265ae90165e9b9f9e21008dfcb7ac57c23561c0e9b795eb31b,txid,True,coinjoin_mixing
1AkU3P9C8QcYPGHjeXHJdan5cxJxjUPaY,wallet,True,coinjoin_mixing
bc1hp9ns83t3zfchdrpw9knmafswnwyph,wallet,True,coinjoin_mixing
bc17s5h47sx6kf45rm9h76z6uzr2fm,wallet,True,coinjoin_mixing
1fDbyykS9nqiWVZwWvam2T61xkWfGV,wallet,True,coinjoin_mixing
bc1989vznt7sh2j35h638ffga28xr4w4hy,wallet,True,coinjoin_mixing
1PF61v92UxFPUor3k7jp6S9ed7a,wallet,True,coinjoin_mixing
1HV532oNYRgLw9wEyo9dVhFLSBAskNEq,wallet,True,coinjoin_mixing
1qZhJgtVM1cqzNBZkh91KfLvssSmN,wallet,True,coinjoin_mixing
1hnXny7KzKGo6kHe2GfNgnXm8xk,wallet,True,coinjoin_mixing
bc1hs64kh6mdyelphj2z3qz22dxcumf3,wallet,True,coinjoin_mixing
1iGS3KJ7Xtq6p1tWxaaijMyN8d2ymztvys,wallet,True,coinjoin_mixing
1zpxBS7LwYMiTWTCrg2MXUMWUH2,wallet,True,coinjoin_mixing
bc1gdjl5qptzw6nhccvtvqfs43yhn7,wallet,True,coinjoin_mixing
1RX5ceehsEAx86oDmgmtVeSpBjcY2Ci,wallet,True,coinjoin_mixing
1xzuuDjW8N1H7FiJ8gX3UvyywHGguEuT,wallet,True,coinjoin_mixing
bc1ssegj9dp45zy4qa8ysw7kfhthlka4y9,wallet,True,coinjoin_mixing
bc1sh39vwcd4tx72nwgkle040wzfcd,wallet,True,coinjoin_mixing
1BnZyXdCFPzzupd7pYunandsCA1nT21Mv,wallet,True,coinjoin_mixing
bc1l9vw2mxg2uc2ares0ym7enw5fa4q,wallet,True,coinjoin_mixing
1gqiCkejF5VePoa8BcKWLsWietoGN5,wallet,True,coinjoin_mixing
bc1chrv4ksww6lrtv0aeqd4nf6cg8jhz6w,wallet,True,coinjoin_mixing
1yKQKaR9NuRCG2mMUpYGtYAQv9,wallet,True,coinjoin_mixing
1qEsXrfxMd98AhfrzTFgENHD4i,wallet,True,coinjoin_mixing
bc13cr0d5s005k5wf2v43cfkxeqte4nsst6,wallet,True,coinjoin_mixing
19TyonxvCWdK29kVPLUzdcZtrt,wallet,True,coinjoin_mixing
bc1avg8pldzj00hlqfukz50643d4kw,wallet,True,coinjoin_mixing
bc1gema8wedfjnq2p3wsuca5ztf4g0,wallet,True,coinjoin_mixing
bc1z75ca8y98d38vrp7k9knw03s,wallet,True,coinjoin_mixing
f8c8d0b281dc008352d54f384c03ef9dc2ddef9881fdf73a094abab80169513e,txid,True,coinjoin_mixing
1svXj4YXpxCsK6Y3VAgbRe6W9BF4XJhB,wallet,True,coinjoin_mixing
bc1ygf553aal3gjknes3695kl4f004n0rff,wallet,True,coinjoin_mixing
bc13hs7lk7zv5nwwddwr37g8t9x7,wallet,True,coinjoin_mixing
1yo8XcegWJQHgmEmP8kpUXW4icVHc,wallet,True,coinjoin_mixing
1hpvGh5Xn4JKneJbio4PzgZ2yNu,wallet,True,coinjoin_mixing
bc1trmw45xxq897gss4kfwty90p,wallet,True,coinjoin_mixing
1rgnfi6TjSS1EJuej78YQMGByGQw9h8,wallet,True,coinjoin_mixing
1MLBzx4vnpdRDUm536RmJ4xc2cph,wallet,True,coinjoin_mixing
bc1xteu8mqs7lr6mq93kzd2q4aja53qmzje,wallet,True,coinjoin_mixing
bc1rc5clcx0qm554shv2dte2l6j58,wallet,True,coinjoin_mixing
bc1sa37pr6rklgwdm4j72ttwkjh3ln2lx45,wallet,True,coinjoin_mixing
bc1gmhvtvr4n06a4qsfj9ayvr378,wallet,True,coinjoin_mixing
1xuKBUA7Zk6tWXDG3Vfm9Voq85,wallet,True,coinjoin_mixing
11aWsE9PWjJEw8Rxp821sDACPNGq5ohT5P,wallet,True,coinjoin_mixing
1P8PqzuoZWmRmKe1TyBNBVruPn,wallet,True,coinjoin_mixing
1r3ZXX6R6cuKwNY1A8Bc9QWsf9e6Fpq,wallet,True,coinjoin_mixing
bc1lmldmle73nxng4n6azfcydp2lua96cu,wallet,True,coinjoin_mixing
bc1ly6fj3funtp99cefg3fakkeuv9fee8,wallet,True,coinjoin_mixing
28c62b9cbea29da717175830086496cece72aae5ce9a068a92aa62528ee9b5eb,txid,True,coinjoin_mixing
17nXiHjDVuxTfbbQVbBSbFVpy2d3X2G8Lu,wallet,True,coinjoin_mixing
18ayVz5TPbk2zRnDqJZdX57vaj7si8J,wallet,True,coinjoin_mixing
bc1hreutaxvjjm682x3p8mqa7z,wallet,True,coinjoin_mixing
1xe62t2m8BjTGP9PMsJK7mo8Pw,wallet,True,coinjoin_mixing
bc1prtwedkk9aecac9y0gjezrkceah,wallet,True,coinjoin_mixing
bc1t3srcwj0s2zgklca773an2e0yqz5puwe,wallet,True,coinjoin_mixing
1c3hWMKmzQbhq5BXJFVE6EUEjRSGRPZwR,wallet,True,coinjoin_mixing
bc1wvy4mdlzxztlxe7xqgchcma,wallet,True,coinjoin_mixing
bc13e5dtc5xes9g05k7p7tack46v8r2nfp,wallet,True,coinjoin_mixing
1ZzhvxQzPawSy6Tg5VbBFhpzZw1UV,wallet,True,coinjoin_mixing
1z6uQ644h8B3EnfwBJkCDBa5SUwNPCkM,wallet,True,coinjoin_mixing
1QZ6SsiLXTL1pZPVrqkaTvi6BzRiQEK,wallet,True,coinjoin_mixing
bc1j5r5rpqphejp2kekhr3qttwe045wv8z,wallet,True,coinjoin_mixing
1d17vh7eJXVUZMfKcBxyK23xYQMvjFzU,wallet,True,coinjoin_mixing
bc1n5anfqyygz4pjekms08tjjswserj27y3,wallet,True,coinjoin_mixing
bc1zmn795vpw6ga0lajdy90jrhc80mmqe8,wallet,True,coinjoin_mixing
1YoRdDniA4Rg96s6wj8Mui9YuSSogVt,wallet,True,coinjoin_mixing
1tCHZ2AWFkdmCezFGWga3taEGmNC,wallet,True,coinjoin_mixing
19ks7Yi2UfmfKcyEV6YbD7mtCJa9oi7X,wallet,True,coinjoin_mixing
1GViNj2DhURqN9uHTb3aAxi9qx78gb,wallet,True,coinjoin_mixing
1aWMfpm6z4Kaca3p4hyj9ndS6nf,wallet,True,coinjoin_mixing
bc19g6ffc8yewtqes2skmjfcu94,wallet,True,coinjoin_mixing
a35b62af7745b76024eeecf477e2daa8efcc63a52e4dcb4a79a4fdebcb1ccbbb,txid,True,coinjoin_mixing
bc1a9u8cvc7pnygfey9nc9lyh8,wallet,True,coinjoin_mixing
1zm4jiduDEavLKvHr1X4Zmv5shz9,wallet,True,coinjoin_mixing
17hkScRkPLUTRbsierVoK5riw8mL,wallet,True,coinjoin_mixing
bc14jgjj8p6yygyys4q50tydd5ntszcs42,wallet,True,coinjoin_mixing
bc1z8ddea0r3eqkfrplj3rym89vwj4fx87,wallet,True,coinjoin_mixing
bc190y2ykzdqhct3a4v53acht6,wallet,True,coinjoin_mixing
1grz1DWe9MjXv7q1efmrcJbhRX,wallet,True,coinjoin_mixing
1i7Hofz91WydFgaSY32NiDnK5R6om,wallet,True,coinjoin_mixing
bc12cc3mlnzm7aev6thxjq2w03t25yg5,wallet,True,coinjoin_mixing
1NVyaWrEm4gdRjHpLu4AvDgcbNuRx1XP3,wallet,True,coinjoin_mixing
bc1epfvz4k2uygzvndu07j5sg6g6dz,wallet,True,coinjoin_mixing
bc19lhepl8hu6c7an0xru3pjll7aey4hn3,wallet,True,coinjoin_mixing
1fa4xpdtuR7Y2vzXkzkv3t7hBhTQpP,wallet,True,coinjoin_mixing
1NYsK6KmevJqiU5UQEqnCp5J4n5DfPtV1,wallet,True,coinjoin_mixing
bc10xxjdkmdxjh5652vrrs6qldtnnqeqy4y,wallet,True,coinjoin_mixing
bc12n3cdz5f0q07vkjxjw2h4d0,wallet,True,coinjoin_mixing
bc1r7emtdpr3zuxk470jsav0ladtjp8dtp6,wallet,True,coinjoin_mixing
bc1t5n2pydk7dy85kccnqa2s6jx4,wallet,True,coinjoin_mixing
175e8de04f17c6b5ec59d1133d14e2ac32d025853acbdaf3a077027edf89d37e,txid,True,coinjoin_mixing
1QLgDTDtqLpYAtQ68gwGJikdhD2,wallet,True,coinjoin_mixing
1eC4xSbNGha6woNZbNU41gtnqpjEe,wallet,True,coinjoin_mixing
1KeJ2Sq9FXGKNGCXtoDwh6U7L2,wallet,True,coinjoin_mixing
bc1x20v6470880y28cn0plwy0l45dyxc,wallet,True,coinjoin_mixing
bc1ulezghynzetpjtxve34aqrl,wallet,True,coinjoin_mixing
bc12m3nwc95ttkxg99phj9sz88yepv4c,wallet,True,coinjoin_mixing
1ZTxbxmC1hcTo6X3KW5WmZXrPFb,wallet,True,coinjoin_mixing
1bfAuWuhWhbGzFSk1Jw45gLP8oGavq9rRq,wallet,True,coinjoin_mixing
bc1l7prcv8pjfk8ujp338emllvc0yrqqzcu,wallet,True,coinjoin_mixing
1vkfmW9zaiX3ZKfjAvvn26x8HWTYyAKpVY,wallet,True,coinjoin_mixing
19rxWoUnTBL6X26KFLbSwpFpu7pnjN1wZ,wallet,True,coinjoin_mixing
bc1wh3chqcazs09se860qe9gul82gpa,wallet,True,coinjoin_mixing
19VQffVPDjzDEpeqvVoxTT4EH1fhRR1bT,wallet,True,coinjoin_mixing
1ThBFUQMSRR7ZH2zKtFSbpT4KqhyU,wallet,True,coinjoin_mixing
1nt6BY6KLNzGLE8QMUMJnC6L7oGdyx,wallet,True,coinjoin_mixing
194KF46PKBsSBoAyAiXsQpW3qdcBqDD5qB,wallet,True,coinjoin_mixing
bc1ywr7h5l7733tyzm7vnuet58a4,wallet,True,coinjoin_mixing
bc1rvm80yn2hgccjmn5kcpupdydaq6m3dzm,wallet,True,coinjoin_mixing
1ecqdonjH9VdebHgxJSrosWLhMMkT,wallet,True,coinjoin_mixing
bc1ekvc6xwl68phh9ypyhqngmqslca,wallet,True,coinjoin_mixing
4d2dabb6a8de5cb7b92f69ed0fc3ae79560a66dfc148149e0567d33e6db63fe7,txid,True,coinjoin_mixing
bc12ewy6mn3rpq76fe5wmnv6maywu3,wallet,True,coinjoin_mixing
1jqCTgxHkLeEL4xK2G2J1tvR5vaz,wallet,True,coinjoin_mixing
bc1er4k2jh7uesc7gnwup6eplm,wallet,True,coinjoin_mixing
bc1w7htp4y0uatkl5mt4walueg9hdh,wallet,True,coinjoin_mixing
1aE7zQASLX41mfZ9shkQgrBNQcbS,wallet,True,coinjoin_mixing
1DEpMghuwauJufQL9jwLEvvzYPJshx6F,wallet,True,coinjoin_mixing
157UnQLERnHPXfFJS92d7kCB4PKVywc,wallet,True,coinjoin_mixing
bc1hft7q5fvjc2jkdns5kvmgz4yf67sr,wallet,True,coinjoin_mixing
19f6kQuB81ezFR8vgpc8vr4Fe4X9nHBG6t,wallet,True,coinjoin_mixing
bc1mnw2qr3v6zgpc4e9ny688mhygeqxrxvr,wallet,True,coinjoin_mixing
11YqFYcgGKYSVy7oFYckaJVesoCbC,wallet,True,coinjoin_mixing
1vRMaBJvojQh33rJrNMzMufLEknLQDy,wallet,True,coinjoin_mixing
1pGfrosqSZiicw42k2w8k3Qw9bhMszi,wallet,True,coinjoin_mixing
1Nfude29ARGuDXMXdz4p313VuWW,wallet,True,coinjoin_mixing
1qZvq57i8BHuoL4iLuJek4f3fS2dTSP,wallet,True,coinjoin_mixing
1Ad5EtQMgLaW7V563NkMFR9iueY2cJear,wallet,True,coinjoin_mixing
1HMf1cbaPJzUCETdKqqAEYinAj2,wallet,True,coinjoin_mixing
1ocMWPVWCnyuE1DjWgn7YzcgKhi,wallet,True,coinjoin_mixing
28e1b219e9193b7223c7f225d3d2c7fc363fb8dd4909667ecbe995fd76ecae64,txid,True,coinjoin_mixing
bc1y532rrvvrc7v4g9ggzkufm22rj,wallet,True,coinjoin_mixing
bc1cucephzltahnzwq0zxg6ww0tr5uhu209,wallet,True,coinjoin_mixing
bc1rxnkttau3ehacxa0fsy2nsxy0s,wallet,True,coinjoin_mixing
bc1u90jvnpua0gt8n77rtwyxfhnrwxz79,wallet,True,coinjoin_mixing
1H4SrxbgGPyiVJFu6Je7J7LZFeriu3gbW,wallet,True,coinjoin_mixing
1vNpeL6G1sZNuwXFyjnyNTPdxeh72PUB,wallet,True,coinjoin_mixing
bc1ugx5kh94fu3r6q4epeundeyx5,wallet,True,coinjoin_mixing
1eJsbPGaRG5tS9LzZzCKJcdCccgsxWKP2G,wallet,True,coinjoin_mixing
1pvJtyzWzT5HpSjo68Zx1cJNxfdHxi,wallet,True,coinjoin_mixing
1zRWcgH68GnAwrAX9WsuNQEDBY,wallet,True,coinjoin_mixing
bc1e6dw7xfp6wudtk2qf6dddghv3x3tgsd,wallet,True,coinjoin_mixing
bc1e0fyf9t9w0dxpdh5kxgadlrx,wallet,True,coinjoin_mixing
bc1f7nka49k8graan8mn3cq7g3d8tdg,wallet,True,coinjoin_mixing
1J4iBv5uvK53FoYHYxDE7eKX55WGQsayz,wallet,True,coinjoin_mixing
1V5Zbn5essqneVHnZYAJ61YmFXJTq,wallet,True,coinjoin_mixing
bc1shqyjj28al5wdjlwet2dk0cm,wallet,True,coinjoin_mixing
bc1d43fynu3h8dqpepwge0raa0,wallet,True,coinjoin_mixing
1igZYmDconr5YDTfJHztHRvbpot3cvrnRe,wallet,True,coinjoin_mixing
0fb4d253392155e84a0f27b05196a1d7fc16eba45b15afac0aa6f27b3ff82101,txid,True,coinjoin_mixing
1KZ97ptypyrhUmQJ8speP1f8M3,wallet,True,coinjoin_mixing
1Mtw2wwZ2WnQsfr4VxMBCeRRAjBXX,wallet,True,coinjoin_mixing
bc1u9ezagz2p7ghkn4jhy4paz9kpf,wallet,True,coinjoin_mixing
bc1afk9eamtcy62arv4pf88gr74,wallet,True,coinjoin_mixing
1DDyiyytSgun4MMrCkeQ1TdBAUkXNvs9,wallet,True,coinjoin_mixing
bc1t5w8gezx3uc3zz5cfaztsezd766ca9,wallet,True,coinjoin_mixing
1eY2EMJJcDvN3PnyKxB1CwF4PJc3j,wallet,True,coinjoin_mixing
1UDToRh2H98CV5gVoQxLsgY9wG2eSi9,wallet,True,coinjoin_mixing
1JZahb6qxZRd7dEKhSELT2aUuRUocazy8D,wallet,True,coinjoin_mixing
1hAbfsReA5JiB6BgK3YCsPkh2EEoLy5r,wallet,True,coinjoin_mixing
1H7PEhocqyWEhM55VxiRVRGjNtuAGzT,wallet,True,coinjoin_mixing
1hwFFzcBTQaHboHDzc1b3ACAZjJCy,wallet,True,coinjoin_mixing
bc1lvzsf6z3ngg5ht2y05rqllfz7d423gqy,wallet,True,coinjoin_mixing
bc1qmxmlfsjnatjvz4gdazm6ug7l99e6s,wallet,True,coinjoin_mixing
bc19lrnsn236jk3n3q79qf3284s5shmra,wallet,True,coinjoin_mixing
1aFQtLSPCPqsTkPg9mtTZku12hYERuY,wallet,True,coinjoin_mixing
bc1n7qadtyat8pkm4vrn6fhkc809hgnc,wallet,True,coinjoin_mixing
1fi7zndLNe4JZUM7S85fzfT4VRJQapLh,wallet,True,coinjoin_mixing
1EQCMKWBko1b5iqa6tqArJwFDdvDFs5Th,wallet,True,coinjoin_mixing
bc1nvyyspp85ml3lx6pds4agg3r,wallet,True,coinjoin_mixing
bc1gf7vy57l8evynd7qvjtmv3hfk4fawl,wallet,True,coinjoin_mixing
1NeFNrKiDHVqRasp74aYP745YFbGnGi,wallet,True,coinjoin_mixing
bc1mfye3h73nu9legnxtdtfk6fxunemf,wallet,True,coinjoin_mixing
bc1nk49cq0v3wjstaq0n9ar0sszj4d,wallet,True,coinjoin_mixing
bc19v289epurfcphxk0k3hmlytf7m9j07f,wallet,True,coinjoin_mixing
1H25kPo6DuGZpwJ7qVtkRsLstYbgenhJ,wallet,True,coinjoin_mixing
bc1f05xsmyu2tx85y6659cefaey40v,wallet,True,coinjoin_mixing
1pESrBAqNuWSqKNub4TsnW4uq6DsNEKwQ,wallet,True,coinjoin_mixing
bc1tgnkeyhnvttc4nzswqjhdfdhy6e0dw,wallet,True,coinjoin_mixing
bc16n6rvgat6et5c4xe0zkpl46j3n4y3u,wallet,True,coinjoin_mixing
8ac808356a8557d220dd54d5832085650ed3ab014716282fe4d6e3dc5f85c0c2,txid,True,coinjoin_mixing
bc1vmm38ea5mak8n7t0vtwz5rdns,wallet,True,coinjoin_mixing
1ZVZcxpF46pPJNB5XR93RVV5viQR,wallet,True,coinjoin_mixing
bc1x46wzgnhp7ex0gnz9s3wscxmvq,wallet,True,coinjoin_mixing
bc1hlcx3nqrj2ry9m4uzvwaukqhsa,wallet,True,coinjoin_mixing
1C2PjfUrbugo88au8pqjccYLuTa7viHz,wallet,True,coinjoin_mixing
bc1egmvagkgr594ukns7s9k9kc,wallet,True,coinjoin_mixing
15hZb71vN6Cdxk5aVRvVtBGbctsEw,wallet,True,coinjoin_mixing
bc16vw0047s8sx5qptzwfzr93u,wallet,True,coinjoin_mixing
1dCzMAUUq526QSMUTF8CT5gJv4A,wallet,True,coinjoin_mixing
13ugmdnRRwmiByPDgm5oVBh46v4meFV,wallet,True,coinjoin_mixing
1GV2LvyMY774zJg7NznDG3ZSwbZF,wallet,True,coinjoin_mixing
bc1txafw3s272uujzzhdrt8s57hm5d0dnw,wallet,True,coinjoin_mixing
bc1jupkec9p94lxskchuqmzspdrylgqew,wallet,True,coinjoin_mixing
1srDXdzb35GUFAp1VeqFuCdogFny74S,wallet,True,coinjoin_mixing
bc1hwkypsffgm2mlay6wdd9t0dqygpf,wallet,True,coinjoin_mixing
bc1czq9g2p80tjp25jyxru8mgyx3whaa,wallet,True,coinjoin_mixing
1qq23aENn3HzD1jiNc81tRD9KxzVHAggHk,wallet,True,coinjoin_mixing
bc1myuy83u5wy4gdgcvgw5tfw6wsp,wallet,True,coinjoin_mixing
faebc0a4e776443cc20b0fdbbfe966f049e15719e8a02f4d7ea9d4c4e60648cd,txid,True,coinjoin_mixing
bc1e4l4jaqzkppuf6w5z6ptxnk63m5,wallet,True,coinjoin_mixing
1hhs5Cd14QtkEa9QEiFRL2DLmZ,wallet,True,coinjoin_mixing
bc19u70vp3cmnlr3v2fuvcj3uu,wallet,True,coinjoin_mixing
1er42VfsCoCP67VwCNkBwzPnsNUUs2R,wallet,True,coinjoin_mixing
156pqYdWC4KSnqqdMjVtiJG7ZqgwYKAv,wallet,True,coinjoin_mixing
bc19s7alt4x4wgk82ft2sj4rdlc5wuznj5,wallet,True,coinjoin_mixing
bc140vkp29tza55rvk5f9pak3lrqf957aty,wallet,True,coinjoin_mixing
1gZwLz3HLTUnmDYTJzXZR2vN8gn3ik4A,wallet,True,coinjoin_mixing
bc1usn8n2czvsgt9g7k9g288skp4lm,wallet,True,coinjoin_mixing
bc13whl3z95ntfn5f8zj3raaqhk5qphl,wallet,True,coinjoin_mixing
bc1q0zg0stkg5274m5c4urawcallywlma,wallet,True,coinjoin_mixing
bc1wcp07ncwrd5rx7wnzjs6ntmd53jyqs,wallet,True,coinjoin_mixing
1Q49MoTywvfXoSdG91cpvTeb4QXATz9,wallet,True,coinjoin_mixing
bc1ql67ky2kwpz8hzkwz96yny9esruh,wallet,True,coinjoin_mixing
1xwqtN5uMXr6rgaBCP4HsREfnPu21UD,wallet,True,coinjoin_mixing
bc18jjpdk6wkrq9uecplwvzkmrmk2zvf,wallet,True,coinjoin_mixing
1jq44q7osD66pL4dcHqZHCBPyVJR,wallet,True,coinjoin_mixing
bc1qxp30tg2mm2wl4fdjusmvj873r7,wallet,True,coinjoin_mixing
bc1elxx8y27ccwyzwxdnqgukvn6letr,wallet,True,coinjoin_mixing
14bxoRWHECv5KByaaTRiJoswFxzuxWJES,wallet,True,coinjoin_mixing
1tL4itm2H17ZtxsEBeXhrc2MBtxTKd,wallet,True,coinjoin_mixing
1BXiQMBcVxK9Co4R3zUQfPyQgTXEV,wallet,True,coinjoin_mixing
bc1ywzrfsqqmsx8mpdtc5q35yuhkk,wallet,True,coinjoin_mixing
1TB9JuHsPeUcALETZGqufGNAt7qKi8e,wallet,True,coinjoin_mixing
bc168ukazf9jjvms3k9xcnl2e6224,wallet,True,coinjoin_mixing
19t8EK3dGKJwPgkW3n7rZ5KnjwuFwTBf,wallet,True,coinjoin_mixing
ec240426720fc66816e35d80a9e27e3fb9e904e8afb2b006fc35e33d481984fa,txid,True,coinjoin_mixing
1zxJ1X1hTUqqNWfNMNRECWKTkfTDUx5,wallet,True,coinjoin_mixing
bc1n4qr85d6ew6lzayw3hywtssprs3r9,wallet,True,coinjoin_mixing
bc1t49hrhaalxq3djw7tzftr7h2xu2890k,wallet,True,coinjoin_mixing
bc1snhgpfxj6uhsw5xhxxe4g3zkg,wallet,True,coinjoin_mixing
bc1u2kmh4e4x0qjxc8qyse7wpm,wallet,True,coinjoin_mixing
bc1yea66k4dd240kjkcplxjhwayj,wallet,True,coinjoin_mixing
1jJixKVVdDs8GXFNcmFfLHrbt9mnCF,wallet,True,coinjoin_mixing
1M59veFhkhG9gJkbnG4Ks23y7Z2gkHZ,wallet,True,coinjoin_mixing
1pezmgpw8oiqBkSdKqAq6PqwMtEHu,wallet,True,coinjoin_mixing
1R9RCvdcMM6YiCzZtBsnPWxceQotL5Zmu,wallet,True,coinjoin_mixing
1cZnmYA3MGeV6HLaqAY35DQBt4n,wallet,True,coinjoin_mixing
1dL48Z85gpuMTwtGCo77hvYQeMCPUoXoz,wallet,True,coinjoin_mixing
1UnbrUrJGpBexpUi2mv5aQ4TkZ94wS,wallet,True,coinjoin_mixing
bc14azaqntadzjh2ulc4pr4hdhhnc3gfvz,wallet,True,coinjoin_mixing
bc14zpkmpkefcj9ugffsaaxr0kg9kthz5fx,wallet,True,coinjoin_mixing
bc14sadmdszdssvdzjgu8axlrtu,wallet,True,coinjoin_mixing
1b1ae5ae9c775890ce538b666789464386f45706906858236742025a6cc70cd4,txid,True,coinjoin_mixing
bc1acnjazyc7ppfluezp8gvjkfj,wallet,True,coinjoin_mixing
1ewsTpkNt8NBAUUEmrdk6aGeRyi3Bi5,wallet,True,coinjoin_mixing
17a5Tyj9RoUHmKxrqJCGayiNuatSdbE6F,wallet,True,coinjoin_mixing
1jS7B4aDDpFeYM2UW8h5L1hvfDm79Bs,wallet,True,coinjoin_mixing
1Abtdi8LEqU2y2f8BwgdeNfdAPNjJNH,wallet,True,coinjoin_mixing
1Bzu3XZqDTS77h7d6kYNV5ZaeTBmzd4y,wallet,True,coinjoin_mixing
13rknpysTbuGfu5jMDwvbk7SsijMeqcbuB,wallet,True,coinjoin_mixing
bc1zskxkxhul5rwp7jk866l2e0cery,wallet,True,coinjoin_mixing
1NjzbcdJ5oFCYx6vPdesGhvGpjPPd,wallet,True,coinjoin_mixing
bc19flgthqpcx7yj9l4ss47lgpm23g7,wallet,True,coinjoin_mixing
19Zt2tWwe7KBrYr6c8AWvHszmM3k,wallet,True,coinjoin_mixing
bc1u57juhntpspv7v74hacnc2aw7xlsdzg3,wallet,True,coinjoin_mixing
1aPwK3JXGkLRdpCFWg3BvwUo1KPLW5CwE,wallet,True,coinjoin_mixing
1utUTp9ccBbYam49o3pn43S67sPeY1wV,wallet,True,coinjoin_mixing
1nHwSuqCEatyUPhsCRKi3r5f4Rwg,wallet,True,coinjoin_mixing
bc1qssqhrc52heef66qmy8uv00,wallet,True,coinjoin_mixing
a4e063f2988a7972c4757a5f680287b736308fae3fa0bd45acc6ea84198b33f9,txid,True,coinjoin_mixing
bc1mcyaqj565afxakcuc3szwz9n,wallet,True,coinjoin_mixing
bc14tavf5c64pds0nkj32l7tpgcptqzv40,wallet,True,coinjoin_mixing
1FFCArvcjvbFZ48NGdEbVAMQQF,wallet,True,coinjoin_mixing
bc179racdmy00wvvsklws7l68l0,wallet,True,coinjoin_mixing
bc120v09z7ch7ar3p3mfmrudfdl2,wallet,True,coinjoin_mixing
bc1k4wa5npl0808ceqmtryyyf0,wallet,True,coinjoin_mixing
bc1v9kwkjvmsus0z7y8vkmuvf2,wallet,True,coinjoin_mixing
1vm52EdmTaje7sxxj9tPhRbFBGb,wallet,True,coinjoin_mixing
15zjBdoAzkSX2hsktxUz2sAv9b1J,wallet,True,coinjoin_mixing
18k9fZFn52Q6BpTnxsdbPcYXzRYu,wallet,True,coinjoin_mixing
bc1c4wckcrljkke3dtl4kdfa93dkmyks,wallet,True,coinjoin_mixing
1sGupN4rMvRdahxQggRnXtWggnwvjGm4Dd,wallet,True,coinjoin_mixing
bc1xr4g3u8szfq9fdhvjgpwz0ht,wallet,True,coinjoin_mixing
1jEwTAomzj8tW2YbpqjPpmda1R,wallet,True,coinjoin_mixing
14Zwymkt3nY7MGgekfB8i5sw19HeTV,wallet,True,coinjoin_mixing
1XUT21ktDQa4tbdxKH1HtXqWUaSyE7,wallet,True,coinjoin_mixing
1yjYKLikVyT2zFVugmA5HeRAVi1YHvR,wallet,True,coinjoin_mixing
bc175mnnxv5v4nqczvd0htg9c9uqmf8,wallet,True,coinjoin_mixing
1rQwuuF725vi62SV3TejLmbgpyM8uZ,wallet,True,coinjoin_mixing
bc1v38vaglvkdjmf3mh5ta88e6z4,wallet,True,coinjoin_mixing
bc1qx9hfdarjnugw6x2y2r92aq4fjh4re,wallet,True,coinjoin_mixing
bc19au7lvscq60fdm7jdhn4du35g,wallet,True,coinjoin_mixing
bc1t7fclkqsme33u89ljva3mjefld23,wallet,True,coinjoin_mixing
bc1lvpjjzvr84gfh66rf9uhr3zl2zhr2nx,wallet,True,coinjoin_mixing
43f26c7e6286ac316a70cb5036d148bd56f7901572e7f4973fbe8f801f74497b,txid,True,coinjoin_mixing
bc1ssl92h4k96rzlu4szxtz7sj,wallet,True,coinjoin_mixing
bc1mgzlvfhn2gr7ywlf00j709y2dvnjn,wallet,True,coinjoin_mixing
1YeBo2uL1b7nQRyS2tQoJ5zy6tTDftFg,wallet,True,coinjoin_mixing
1XhoixFewgbPZT8cKeNfp2Ntwxn,wallet,True,coinjoin_mixing
1RrarGsBoLqU3cBn3eyxh14XE1zrp6AwC,wallet,True,coinjoin_mixing
15KtCt4es2m8sYSYk84V3YKSAXiPSyAXJ,wallet,True,coinjoin_mixing
bc14hgas3plns00vdeshcacxfun973z,wallet,True,coinjoin_mixing
1hLYCpyUGPLMbHnSt7fEzG94hFpC,wallet,True,coinjoin_mixing
1qtW21FzpCp6v1rb1k8ia9PMYBc,wallet,True,coinjoin_mixing
bc1fym6ks9jj8k5rv6l9dj5xqd,wallet,True,coinjoin_mixing
1LqYuFkNXZubJZbjBrMVK5m75phSS7y8P9,wallet,True,coinjoin_mixing
bc1aazclrar4euq4hlyf4ewy7axewma,wallet,True,coinjoin_mixing
bc1a7xeqfhzf2ykegeltt72xjf74qnn,wallet,True,coinjoin_mixing
1bC1261frD7adpvzjDTNtTy4Bx9hUhj,wallet,True,coinjoin_mixing
bc1j2e4pww48le95sm8mmhxy7n52n0v,wallet,True,coinjoin_mixing
1NJFq1LeLpMGpTZCivLCGTtwPnJgjNNLG,wallet,True,coinjoin_mixing
1tJEGfGazmP7TtGJA2U2yKGCNkgmmZqp3,wallet,True,coinjoin_mixing
1K46jjBDtcLf7LasjKwBqxrw1Ahsm,wallet,True,coinjoin_mixing
1BUuwaZsE569mNs6xW2yTvcrAge7mYZJF3,wallet,True,coinjoin_mixing
1pyUoNUZT7cNhfPtnSjMtW6raSr6,wallet,True,coinjoin_mixing
bc1esgp8zdhpakkhu2ahfhy5y9g,wallet,True,coinjoin_mixing
bc1cm77a0xlr4na77vtskhfeug,wallet,True,coinjoin_mixing
f93248e08b21230c6024cbd3657b13ab88c4db806f3f4f2b5d89db3321a7ca79,txid,True,coinjoin_mixing
bc1g8qrdwxwmzrj5qs2euk43fmetdvum,wallet,True,coinjoin_mixing
bc1x035fs3jhc23hphcpmah5c6h0w06n,wallet,True,coinjoin_mixing
1gksnELUEAqR1imZoxnBqtnENrR7X,wallet,True,coinjoin_mixing
1uuZMMahZtAZqv1EpVRz8DC4pB2E,wallet,True,coinjoin_mixing
bc1fcycd375uk3kjcdssnxxxjde9qc4td,wallet,True,coinjoin_mixing
bc1ru8j5q8ammfgr499lev8p2p4,wallet,True,coinjoin_mixing
1hM5mnx8BVkN4jR2Ta7bzMeH9XsejsC,wallet,True,coinjoin_mixing
1eHF5d2onDpChQuN5UA4c3uSGkZAoK4uE,wallet,True,coinjoin_mixing
bc1v9f4a7dyu5xhjw2jgfte3grljh,wallet,True,coinjoin_mixing
bc1djs379694umpx7k74cjtm5qkds,wallet,True,coinjoin_mixing
bc1u30jqv80qrueyqxca8gk282cclpewt,wallet,True,coinjoin_mixing
1bzYGNXKwjq4NHqHJFe6nNJhF7p,wallet,True,coinjoin_mixing
1C6eojkFJcVAgBPnefs4cMBVkr,wallet,True,coinjoin_mixing
bc1nuzs7539muw52lxzmr6e7l4xlly5v,wallet,True,coinjoin_mixing
1y99yJZT3HKuUjaqqNygL22ZJ3,wallet,True,coinjoin_mixing
bc1amv86lzldj94m0rfj7nyztqy48e,wallet,True,coinjoin_mixing
1N3ajdhN7qfVKs3hPVqeknD2E7Kc,wallet,True,coinjoin_mixing
1c5JuYt8RKj8WVVDxZzVD5KYoZ6,wallet,True,coinjoin_mixing
bc1wylyw9277addf03pqylk7nphg6f2xta,wallet,True,coinjoin_mixing
bc1hvqaxxa6dnsh8m7w535vxht,wallet,True,coinjoin_mixing
1kD1NhxuKMgeKvPGedL28vN5D4UvTj61Q,wallet,True,coinjoin_mixing
bc17pyprvj5q0lck92zrkgn8sn95kyz,wallet,True,coinjoin_mixing
bc1f8j69z2gx8vs9fg6705amtxaeh,wallet,True,coinjoin_mixing
bc1uqd765qwlyef3u0m7sszfz9,wallet,True,coinjoin_mixing
bc1a42dhug2nmqps6rnwkwj5nk0,wallet,True,coinjoin_mixing
17buiRgYPT6HNGX5n8xATQQXfH5oCgY,wallet,True,coinjoin_mixing
4e26bca13c1fc5e286d4975cf2ca82f3302eb96854d82fa401b2aa6f6fa501bc,txid,True,coinjoin_mixing
1dxHYMGL2tyXBRnncdkVPSKAjkrUJzPn,wallet,True,coinjoin_mixing
1AKFMmrTEgX1FJR6CjCsQRfxy17B9Nyk,wallet,True,coinjoin_mixing
1dvvf7SSFUUvefX8zrnSQQ8v3a9abEcm7,wallet,True,coinjoin_mixing
bc1gwegukjqncxuwes0kh7ea0crm5hn5f,wallet,True,coinjoin_mixing
bc1e20ns4ysp2ks65pqn09g7hjvdrhw5h6,wallet,True,coinjoin_mixing
bc15c5vksewwz4sks33ae9rhm4w8gqda,wallet,True,coinjoin_mixing
1bUckR9ZVkCbEdGWGMTKrawbcCLJ,wallet,True,coinjoin_mixing
1mEPz8maikkSf4wsZGiuh2EBQ1akN,wallet,True,coinjoin_mixing
bc1qrhjhld47xk6rwqxuly4xu98hy,wallet,True,coinjoin_mixing
bc1r4ahhs74uq2k5l3th3vny3a3gv3glfp,wallet,True,coinjoin_mixing
1ai7gVbyg87e2js3LoHJtTb1fxmRAff,wallet,True,coinjoin_mixing
bc15zhejtzf7f9ujfngx7rdh8vs,wallet,True,coinjoin_mixing
1h2D5LfMKuxmARmVt2o4CGBZ4p,wallet,True,coinjoin_mixing
1Bbbz6Qtzt2roXR4sxCgQiLXkX5ZhES,wallet,True,coinjoin_mixing
1pjs1X3apD5Fi1v8VMEy9wdeLjgEtrN9,wallet,True,coinjoin_mixing
1sxy5mCT7fu6H2dYMQiQ24uoDb,wallet,True,coinjoin_mixing
11po7h7UWrnRKemsB384Z6rkWYNSW2fF,wallet,True,coinjoin_mixing
1L9azd7LKxcEjud5pa2jpJ2iC7x,wallet,True,coinjoin_mixing
a5dc7430b27ea8d932a1a609e50cc0de5b4ed3c8854fb215570b1d3b41ec98e1,txid,True,coinjoin_mixing
1nQW6RDgGCheX25g6r6XN2A6W2hLJwrpD,wallet,True,coinjoin_mixing
bc1fvv5zw8vdyu47dr539v7tnm4hu,wallet,True,coinjoin_mixing
1nN825UiZ3gfY4sh21F5jh7YCSyuuQD66,wallet,True,coinjoin_mixing
bc1emlpg3wglk3vrym2dvs9078ycgtakk,wallet,True,coinjoin_mixing
17Q1rSh2d8crqGZuuyqg7eCJDMz,wallet,True,coinjoin_mixing
1K5RKz5sYjwxGCCGiRr8LPF3QgkXjqT,wallet,True,coinjoin_mixing
bc15daykpp476r9ymme0qpnndgfr,wallet,True,coinjoin_mixing
bc1l3mprzs8uv82u7ql50hf49hz9k9c,wallet,True,coinjoin_mixing
bc1p7gew47st5vpmr270qd9dpws9vyr,wallet,True,coinjoin_mixing
bc1j487pssysfj7nw4rmk54lvznel,wallet,True,coinjoin_mixing
1txk3p3jU3Kvv9AwkFR8hjoJbdEqv,wallet,True,coinjoin_mixing
bc1alju7ld9xg4fny0s0dl9fgjzcr76,wallet,True,coinjoin_mixing
bc1wj7lgknhx6p95wqetvdquxa7a426a,wallet,True,coinjoin_mixing
bc1am44j2ha8e5ml468pf2vdqay,wallet,True,coinjoin_mixing
bc1t32z4xxcupdl02rhxxws5qtk7pyvl,wallet,True,coinjoin_mixing
11oq2sHS91CurcYSKgX6ALNExsfmNxSPca,wallet,True,coinjoin_mixing
bc1m49t23waz0dmkk25tx8s39jp8s8jgely,wallet,True,coinjoin_mixing
bc123mhqxmn5t30q7tpc67slc8gk,wallet,True,coinjoin_mixing
55d0aa8d2e31debcb0e80e8795b15e5219b5b5872a77f140daea3b28241939ec,txid,True,coinjoin_mixing
bc16p68aplkzwgf6feu0puwlk3tl,wallet,True,coinjoin_mixing
1HHYyJ2E5ADnuqZyJxkK1PDcZQQXgnrN,wallet,True,coinjoin_mixing
bc1g7wgl75flw3e2xsu03edqaqadnve7sxs,wallet,True,coinjoin_mixing
bc10t3gwtr2hj2zjeyfk0ee7kdzlevwy,wallet,True,coinjoin_mixing
bc15h6ghs7ewt9dqpkrpvdyhj32,wallet,True,coinjoin_mixing
bc1sfzs5dnqxz2eevy0rheylw2,wallet,True,coinjoin_mixing
bc1v6h2u6p5eh7gea823703xyp5szs25,wallet,True,coinjoin_mixing
19a1mB2XJdjhd3xVHiscfJtifPcL,wallet,True,coinjoin_mixing
1E3CGWL4uCfaxsxZHGocytyQsiPhp,wallet,True,coinjoin_mixing
1qSeq23CyUQrysVPxjUmgaemEbdo45pLYy,wallet,True,coinjoin_mixing
15RAAHcT1hNCcxcbWipoDpRJvPpRdBvCWT,wallet,True,coinjoin_mixing
1Bd4UTV7Q1U9kh1HkEBf2ep2yVMr3MD,wallet,True,coinjoin_mixing
bc1s34dselyf8pg56elgwt99nfqs3k,wallet,True,coinjoin_mixing
bc1a77kgr8vl7aueemkswm20xpvs6e25k9,wallet,True,coinjoin_mixing
bc1vp5pdy0nx2xtyvattx0dpsaa4h2ly0s,wallet,True,coinjoin_mixing
157WaLpaWkuXah3BmWYDoZLk2RGg3,wallet,True,coinjoin_mixing
4acd87c7e6eea93eaaf548ed7ae9e08163ab8e171e86877cdbd9288bd6848601,txid,True,coinjoin_mixing
1hvZtkENipfwruB8NgCUEaeGn41YWQRrjq,wallet,True,coinjoin_mixing
1cS3ALGnBkr7Ywoznz4W5Z8cSp,wallet,True,coinjoin_mixing
bc19a3gmrtxy097rj77vwlmfjhwdjy8h,wallet,True,coinjoin_mixing
bc1wxnjkpctq3q5saelxv65vag,wallet,True,coinjoin_mixing
1Vk7jLd8y4GMfHFLPM5DRtwa5NN6Ld,wallet,True,coinjoin_mixing
bc15mnvp0p3vtl86648p9l6e8zrtw,wallet,True,coinjoin_mixing
bc1lm5sfnz8jyfnke3pd8d306w5t4ryh,wallet,True,coinjoin_mixing
1hEDBicjt7yv3DGsTC18nwW8WJHq,wallet,True,coinjoin_mixing
11ninx749un2SbUzKgQoSXZT7TY,wallet,True,coinjoin_mixing
bc1d3xd85uame4qgqh4nyf9cvxkl27exw6u,wallet,True,coinjoin_mixing
1q28j3BoszCy2qCGEda3Tqvc3NA,wallet,True,coinjoin_mixing
bc1scs7ywpt8lk5lc5sd9uqgnjfpdrjqp,wallet,True,coinjoin_mixing
bc14j7ys4jme0c5jke3yzdtc4sqpzjw2r,wallet,True,coinjoin_mixing
bc1qcanhs0hv97vdgkjf06npqd,wallet,True,coinjoin_mixing
bc1mpw6uvwfx3c9xank3vffmp7a,wallet,True,coinjoin_mixing
bc1euk8tm3h6xh9xl36tq9zfgsq9l3,wallet,True,coinjoin_mixing
13xvKUgTkbhdaD2JjpVW7jWyD2uUxwdF,wallet,True,coinjoin_mixing
bc1q68kcn4k0j6yv8qw74sexau55u,wallet,True,coinjoin_mixing
1tSTTMmigkA1KyWiwfWYkArRXzYd4,wallet,True,coinjoin_mixing
1rxqqmgxKnWRSeBASQEx5Vd52rewg,wallet,True,coinjoin_mixing
1wWF9EvDJ3kgHjRgsE5Nh4gvKsPk,wallet,True,coinjoin_mixing
1Vg3srVmcN4pURbKKoKBpiVedjHh,wallet,True,coinjoin_mixing
bc1e9nd6pvndjljanxg7w6ze6r9gdk,wallet,True,coinjoin_mixing
17gqbdyhexecJ8rW5bMAekAFHeBvDYm,wallet,True,coinjoin_mixing
13hGcDthk7u8hzfSdyhDyjGaHKoTR43gg,wallet,True,coinjoin_mixing
bc1ncrtm7ax4s34fns9sy6epyzczcw,wallet,True,coinjoin_mixing
bc1ygy0lu4ejpp98ex4mv5u47hf4hy98pc,wallet,True,coinjoin_mixing
bc1rpewzztmc5zvmft50h20qtr7292z,wallet,True,coinjoin_mixing
6b66f2c9a2ec6627072679e864f8eae827c020dacc4bd0283bd5fe727f89fd13,txid,True,coinjoin_mixing
bc1clftt22v4sevpsmalpnmdv7zmy,wallet,True,coinjoin_mixing
1sYkuTi6Cfk2LaiRp4UbQWQjKhu,wallet,True,coinjoin_mixing
bc168w8caea84qetg8myfd2npam2,wallet,True,coinjoin_mixing
bc1prz8325ka9t50gq779luqfkgm8prh,wallet,True,coinjoin_mixing
bc19plgcahw6rvrg8wsk7dtsmc,wallet,True,coinjoin_mixing
1kP1PCopxnfAmLnZhxLiqkR6LrdJMf,wallet,True,coinjoin_mixing
bc1mnl377lhz0nmpft8x0938uh,wallet,True,coinjoin_mixing
bc1kk7czxz9newgulw9t4f6ch8g4t,wallet,True,coinjoin_mixing
1aTXy2HGrKswa48Ewa1U9KL66Uq8Z5jQwS,wallet,True,coinjoin_mixing
1AiqH5sFSCvRYTt1EDnqc7rjAupGPE1Dd,wallet,True,coinjoin_mixing
1CS7WVHjC237g9jN4W2CrojRBEtC39bY,wallet,True,coinjoin_mixing
1YE9JXLThT4j7zyic3v6YVCSNTcZRJp,wallet,True,coinjoin_mixing
1sX9ffCyEnA4bnTUDdpWafpGCcQF7,wallet,True,coinjoin_mixing
bc10qm204j323a6mme6dl7vxs9,wallet,True,coinjoin_mixing
1Wh5iYEpvtATemh4So1T6MVfyG,wallet,True,coinjoin_mixing
bc1wv2dz4f6u779kh244u56m9pcs,wallet,True,coinjoin_mixing
bc1gna7ykz6z77nemxrl9hfq3zdw30w,wallet,True,coinjoin_mixing
1isaYAsXevG9YhuhrLV6Z3qL6dGQRj,wallet,True,coinjoin_mixing
16f0b1247717f311677260556b1ea7af73ab7f40b90dce4a7eecb0a1bbcd35f4,txid,True,coinjoin_mixing
bc1zrzaw4qwuw93efc7d7pr5gksqjm,wallet,True,coinjoin_mixing
bc158t2h40gvrr8ne8c4r7p4nwuvn847jx,wallet,True,coinjoin_mixing
16aKnR2YhFK8DwDDbnKRZXuUupgp2wiY,wallet,True,coinjoin_mixing
bc1g8unw9ny0qntxtffhw7gkcg49,wallet,True,coinjoin_mixing
bc1s4qaqu9aypfmw7v2wyuje5qa8u3,wallet,True,coinjoin_mixing
bc1jfttgp44k6acq5mzvmmnp9wwq9nrk9r,wallet,True,coinjoin_mixing
1Q84Ug5Xx3Xth6Fm8ZgbUCRYkfW,wallet,True,coinjoin_mixing
bc1xcpq9x8tnjf7l0h8pvqj63csgd,wallet,True,coinjoin_mixing
bc14ej5zn08vrh2pxfp5d9aehuum0sx,wallet,True,coinjoin_mixing
bc1mcwwjqcxktlvzzk7spphlsld25mr,wallet,True,coinjoin_mixing
bc186rgceqxj77h89yup0qqcmuygvn8,wallet,True,coinjoin_mixing
1hnhGwgZeFGLGez5zh9MjdCZ52dKKx9L,wallet,True,coinjoin_mixing
1TSZryVriHTbk1cw5dUeR5NgwicLD,wallet,True,coinjoin_mixing
bc1xfear2d4pdk9kyxhsaqtvxjqj2w,wallet,True,coinjoin_mixing
1j2ffLCDRtWAUAUgnu6oo6eE9MU,wallet,True,coinjoin_mixing
bc16823t6rwmg3guewx9kc9850fyj0,wallet,True,coinjoin_mixing
1oCh7Cw7KbS8wbnv1xfekb4ERv8iYnc,wallet,True,coinjoin_mixing
1AyddmFn7eqz6NmL2gr5HoNXGUmxNwNLn,wallet,True,coinjoin_mixing
bc1erx8ssgqrw207xmxvearvdkns8avte,wallet,True,coinjoin_mixing
1T9yEDtMBiodtS48KTaFnmaovd24zAk4i,wallet,True,coinjoin_mixing
bc10jp0e6sfr0t6nw0swjax5vfzul,wallet,True,coinjoin_mixing
bc16mlx0lfcl924k0rgjzrva7nru7,wallet,True,coinjoin_mixing
bc197xs0xnzch7y2hlcx7mgymr,wallet,True,coinjoin_mixing
15nJqB1v5xwCpM4N446ukTxdpn1,wallet,True,coinjoin_mixing
460232f4052a2dcc691ada753b9356a8614629a6d422c223135a90ea468b8e05,txid,True,coinjoin_mixing
1WzvHvQ9iwp3fAoPvKafWKwQw9xzf7x,wallet,True,coinjoin_mixing
bc19kecmp3qkg6svvaqh0pgm3rmtmyzydhy,wallet,True,coinjoin_mixing
bc1p4mmephzmxx4mq8q360u0dwcjx8vvsn,wallet,True,coinjoin_mixing
bc14v7mgu6r35a45qjyw7p4x6870hergf7,wallet,True,coinjoin_mixing
1x6gaSevCzWD8EgQiv5Hdfiy52t,wallet,True,coinjoin_mixing
bc1maza7lpfu5jl649gka5fup9y96te,wallet,True,coinjoin_mixing
12y6RtehENqfD7JnYqwcF34kyz54L89pv,wallet,True,coinjoin_mixing
1dBvf4oGHf7Kp8yLK1gcvVXGad1t34D,wallet,True,coinjoin_mixing
bc106r0dg6ssqpmtq25vnlupwsc9c,wallet,True,coinjoin_mixing
1xkysTFif9CYNiaz4CDJStYkAwVZst,wallet,True,coinjoin_mixing
bc1gsd88jsaxejskct60pwurka,wallet,True,coinjoin_mixing
bc1736u86upj3450ctn9gefnsgncy7h9unr,wallet,True,coinjoin_mixing
1QNY2pkjTmgcrGpNsK9Q5VfF2hmRYkMf,wallet,True,coinjoin_mixing
bc1eanpwmcngwrl9z3efqh4lecxxhfr,wallet,True,coinjoin_mixing
bc1hup5eggmtxnw6dvpn7lr2zgm67675,wallet,True,coinjoin_mixing
bc18eks66u8p04xvzt8hsahn62nuhd6,wallet,True,coinjoin_mixing
bc15rw8nx342l54h0tlf0dnxpwfd,wallet,True,coinjoin_mixing
bc1ju0vkanjqwkslvvj06k72d5mr4g,wallet,True,coinjoin_mixing
1GoEn7cEsQovBJ3XJbfrZrF8Wpq,wallet,True,coinjoin_mixing
bc1s8zxsm3lenrha6eehsqwdwumcnfn,wallet,True,coinjoin_mixing
17NkxACqL6enQMgDWuoSuEic139DV,wallet,True,coinjoin_mixing
1YnUu5aqK7U7XhBNRFQFnehgusRfLYgtu,wallet,True,coinjoin_mixing
bc1azezur9tr6wdtcx4utef9s7q,wallet,True,coinjoin_mixing
1vqC4kjQRrkJkqTS44ZFqRvECMHEfEJ,wallet,True,coinjoin_mixing
bc1qp6wp5fxwsu48jcgftqh0s7jd2d5f37,wallet,True,coinjoin_mixing
1JXjrErrf4oDiTQXGVAjJjPr4mQCXBv,wallet,True,coinjoin_mixing
1wiewiXs4pQNe3yqj3ix2cACeF,wallet,True,coinjoin_mixing
bc1hs2m3adnq9ms8gztwrtrlm3yxp,wallet,True,coinjoin_mixing
1aRqj9NfBK9FvBbsaFeqPctqvX,wallet,True,coinjoin_mixing
1gW4ZaH2QY51JVXcNNwXUwDX3FD,wallet,True,coinjoin_mixing
1902f26b079d1e766a882882a6ec3f3a3db7f5b55571687a2f58a1bb19dcd170,txid,True,coinjoin_mixing
1F9VvUjSh4jQiAqa6NVooEbd9HL4iMKJKt,wallet,True,coinjoin_mixing
1naMPcyh5WRxFT5j6gBo9KEo5AH1Rdcqa,wallet,True,coinjoin_mixing
1EMPC6PL9migNNb8tc27tkWzv7,wallet,True,coinjoin_mixing
1RGYqWy9j162BBsYePkKLNhZPDqTZRM,wallet,True,coinjoin_mixing
1FvMTZ3hrRiZ4gQFqu46TLuzeGS9VUGHPh,wallet,True,coinjoin_mixing
bc1pxxgmngvwq22ue3fv5u9yckr,wallet,True,coinjoin_mixing
1RShLwbnvZMRmQ6gujkezcUS8J3D6DK,wallet,True,coinjoin_mixing
bc1csne9dj84g3rj5dtk6zy4lhtr,wallet,True,coinjoin_mixing
1rKW61uCduzbAwaZ4JYNipAqVdcXTgwwZ,wallet,True,coinjoin_mixing
bc1hhvwjasffl78u9h2m97l9e25rhnagzg2,wallet,True,coinjoin_mixing
1G9ZGpoX8uZMr6GtXeWNuyxAYTKc,wallet,True,coinjoin_mixing
1GPaCaNoox9VezxBChuXiAPx5QyU,wallet,True,coinjoin_mixing
1a7Zz3fmNrFfaHTtNgZFnjtrCtDGL6wxvd,wallet,True,coinjoin_mixing
bc1pzjklrlqejvdtufshx37f2h,wallet,True,coinjoin_mixing
1cn7S1p914LGM4zVDoq23Uyy14KB3U,wallet,True,coinjoin_mixing
bc1f35tkjyxgkfpcww7muk72v7fuw56,wallet,True,coinjoin_mixing
1et9hRAgNwBzhSTfzq9bw6oBDxLu7xegCq,wallet,True,coinjoin_mixing
bc1sqfrlfz7r2jzp5wypt2gswfwn,wallet,True,coinjoin_mixing
1Keq8pCMp5A3Tcpkv5oCM8kjyd,wallet,True,coinjoin_mixing
bc1ulfgsqd84ygrkjckgseplpagt0g,wallet,True,coinjoin_mixing
d58b7ab30902066c2dbb48a89a619e14545a282d9f7618ff711b2166195b98dc,txid,True,coinjoin_mixing
bc100aa0y2q20pvq9t3qd9dneng4d50slh,wallet,True,coinjoin_mixing
bc14pspfn5l5ng56jn22yn4l0z9skg,wallet,True,coinjoin_mixing
bc1jv7qukljnz5es6q58xeewrat90,wallet,True,coinjoin_mixing
1GkARs18Sy2kDvstJHuz7bdNiKewYPaE,wallet,True,coinjoin_mixing
1je3z8Ex2AEjZRFGjMQhLNvwH28Yta,wallet,True,coinjoin_mixing
bc1tmq006v8desq4hhv8ysw7u74fx4rgt24,wallet,True,coinjoin_mixing
1eFBiVrG5S13BdWoSJmFkWR4AfT5hy6r,wallet,True,coinjoin_mixing
bc1689ygxx83za32cnsj4g0sul7m4,wallet,True,coinjoin_mixing
1oTRnDbSqZrJFspW44XU3fFdyVdq,wallet,True,coinjoin_mixing
1SWEeGBak3NqdzKzFyMQbUmztbmGXtAYjv,wallet,True,coinjoin_mixing
1ymKXY8FJp5GKBCDARbKS1roupWpNswBu,wallet,True,coinjoin_mixing
bc1jr0jru98mpewe07ckz0sc2j,wallet,True,coinjoin_mixing
13i1ttNWcaD5JXbxFKC2Vau6Z1D3MHxp,wallet,True,coinjoin_mixing
1qScBADihza9PCk3ZSQTYCE9afxj,wallet,True,coinjoin_mixing
1DaQnBmu51Xgc1Q4mEhuR8cM8Sf,wallet,True,coinjoin_mixing
bc1ukrgkkj2pgnhe5tlyr9pzcn,wallet,True,coinjoin_mixing
bc10s4chmqzfnk6fr0dy44r83l0lw,wallet,True,coinjoin_mixing
bc1e2h6ju0d5w3097lqqreyru4sr,wallet,True,coinjoin_mixing
1a8veVEyZD1Yqa82Q3dTAUq122ys,wallet,True,coinjoin_mixing
132SB2TBJAA8uUaFiByUgAPsGZ2o,wallet,True,coinjoin_mixing
12F3DamefDj1XG7rsS1xQw6AYbQ,wallet,True,coinjoin_mixing
bc1xgp3edj77lyxerft4l3rc3e4862a,wallet,True,coinjoin_mixing
1DXD3qB8CsgJDyCw2Eq62U5V381mKUm,wallet,True,coinjoin_mixing
bc1gw4ymfzun5u4lfsps4uc4n2,wallet,True,coinjoin_mixing
bc1vfmx2wppjhqftspzkv7pnke,wallet,True,coinjoin_mixing
1wq11kbqdkX3P35XJvNpEFWgg34UxhmRB,wallet,True,coinjoin_mixing
bc1w7ve89dh59m0ej6qxxstfgl0a8prgq,wallet,True,coinjoin_mixing
bc1k5grsq9hwlay0npq08w8apf,wallet,True,coinjoin_mixing
d87708c3ed716cc6f2f1c08395ced9279fbcc3e7ea978d202c99d90d9302df81,txid,True,coinjoin_mixing
1gqUukTqxTiuRRrmPqMHAQkxAjG,wallet,True,coinjoin_mixing
1A1MAsBUt8kFPjyRufdPTbvSSJXL99F,wallet,True,coinjoin_mixing
1gb2BkHCzqfpTpk7HSt4zzoJKC,wallet,True,coinjoin_mixing
bc1dtmlx05yxcms80558tnss2m,wallet,True,coinjoin_mixing
bc1mrslda35wmzus6cj2sk3ksmdpcmg4vf,wallet,True,coinjoin_mixing
bc1yu40deew9gyly3s8905l4m36rd8m,wallet,True,coinjoin_mixing
bc1wqat9tfurwj6cs64agl738940yc,wallet,True,coinjoin_mixing
bc1fzvsv9gncyg07xddcuyyf7pdhl,wallet,True,coinjoin_mixing
bc12lgrck76tkz628uvwq8026w672,wallet,True,coinjoin_mixing
bc1adp38d3z0t5e2800nx4uk5273e6jx,wallet,True,coinjoin_mixing
1Wr5ZaVmoBzGJkwtrmJgyXoMR8Zj,wallet,True,coinjoin_mixing
bc1r0hn5uzpzs65ewm0qz98hacrmjs9pl74,wallet,True,coinjoin_mixing
1iyGjMM4fC1vjWsaMohz1oWQuKhPVf,wallet,True,coinjoin_mixing
bc1q9rk5adkgckg7gfjycqlfx95,wallet,True,coinjoin_mixing
1G2hwBFafpDu5zJhjKtSft9fnFc1kH9WbC,wallet,True,coinjoin_mixing
bc1xlm7sxya86yqlu7mul3nycuvtf25z9,wallet,True,coinjoin_mixing
1k888T7iNheiTmf6FUdQ5BELikxCh,wallet,True,coinjoin_mixing
bc1s73gn20l67kga4svya5rthzvsm7pu,wallet,True,coinjoin_mixing
1Z1iCgsN5fwLtribZEqqoTP4K1i6yyyka,wallet,True,coinjoin_mixing
1FJ6g6pBySdVFU8y6PwNNC777F1ceeXC9,wallet,True,coinjoin_mixing
bc1ezk4w2qyvw804ad8kzslnmclhzxx90l8,wallet,True,coinjoin_mixing
bc1svskytqag6lmuxalgr9qlhxq2mzydxt,wallet,True,coinjoin_mixing
1oi1Hp542oY67phUxy4NwVj5MFu,wallet,True,coinjoin_mixing
1R2sMP2w65J5KMMvMyhuqHJEbjRm1MQVB8,wallet,True,coinjoin_mixing
bc1jyu69tznugk2ura7gzsz8xrae4h57rz,wallet,True,coinjoin_mixing
1pMQA7R864KH7auCYFySy1AuhwRuXnRM,wallet,True,coinjoin_mixing
bc1mwt6fkjhd22aql09z4kdu8k8mxa,wallet,True,coinjoin_mixing
bc1wpuhnegy6sa34uev2r27f4xlzl46,wallet,True,coinjoin_mixing
1DeHt7Ju3SqaR3LE1UGGiEYfKqbMNxNbtd,wallet,True,coinjoin_mixing
bc14xjr06vxz7tvek4lfv3qnrryfj,wallet,True,coinjoin_mixing
baa8e09558273b52534caddf5f7c79b10e892a03efad10e257cb44a49abb1f79,txid,True,coinjoin_mixing
1EcVS9oxY5Hzj371QdxKFyVwcDA,wallet,True,coinjoin_mixing
bc15pyej0zf3qdpx7j26ecd2ajml8pmxpc,wallet,True,coinjoin_mixing
bc1f25helx64pj472vdc4huj023wun,wallet,True,coinjoin_mixing
bc1xrqfxvu9xw20hkh8uhvawrtx9,wallet,True,coinjoin_mixing
1XYwVuszV7Ug8FbPzHBTaFPgXe,wallet,True,coinjoin_mixing
1RGRU3pc3s6oZYqidd3CsNNy1J2UBni,wallet,True,coinjoin_mixing
11GWGsnJi91PrKoUUqyZ96e3ujC,wallet,True,coinjoin_mixing
bc13kngvz7drq8ry7q0zykafw6y,wallet,True,coinjoin_mixing
bc1j4npfemraydl0l2y8d3dh5alc,wallet,True,coinjoin_mixing
1hrsQWPBkc3pyqYhyw5YEVBn4gqB,wallet,True,coinjoin_mixing
bc1lgapv6m9rqsevjx853qd987833s8z0,wallet,True,coinjoin_mixing
1Xfo6xM3xtZrS9jPX2Gy3iM4RcA,wallet,True,coinjoin_mixing
bc1g4d9ec8avq6u3mxrm24053dm22ep,wallet,True,coinjoin_mixing
1HHsGfcZgSee7v2DTaywnXGzXJydTT,wallet,True,coinjoin_mixing
bc1cuf6rd7zrpkmvz628lm3hyycasj,wallet,True,coinjoin_mixing
bc148t6cq0m83h4uyxd9xq0660mhqr,wallet,True,coinjoin_mixing
1BgMttxCGxgpiQCfbvsrDye2GDQZJKj1,wallet,True,coinjoin_mixing
bc1pu6nm6njtck6c0pmrqdsk85w0agma,wallet,True,coinjoin_mixing
bc1m8mcn70a99329ned4hrz56m,wallet,True,coinjoin_mixing
bc18y8mrqdxuzdl3symkucgtar,wallet,True,coinjoin_mixing
1Ctq9FGs9PvhXa1poXquqYcKLV,wallet,True,coinjoin_mixing
1ZibdoCp9RdH8jdwtXJk7BNTGVLq7XhZC3,wallet,True,coinjoin_mixing
bc1m8hxtj9cujcjsn8e0fquekduh4xmkl,wallet,True,coinjoin_mixing
1d3G57itsgnX5HNPKAxpcApWWUcu8ARr7,wallet,True,coinjoin_mixing
3ba61adfb04af69d6b83366f41cde08ff76a0f614a62257a717b29a6944bb4fa,txid,True,coinjoin_mixing
1QRvNtgC5ypsFvyq2fXUys6q4z156ub,wallet,True,coinjoin_mixing
1L7SMzFznFeahiigUdHfTRHbM46GSqy,wallet,True,coinjoin_mixing
bc1c0jwep9sux7mlhh8sk7k3eequvu,wallet,True,coinjoin_mixing
bc1n53nw7xuqncm4cr9ttvv6l4e,wallet,True,coinjoin_mixing
1pr1kKdRaf32sQq6trze6Vtb4h,wallet,True,coinjoin_mixing
bc1w3397zatfzxqlxq5u749pd0vfvn560ga,wallet,True,coinjoin_mixing
bc102ygx8dghrjvkz52rka93c0v4sjmxf8c,wallet,True,coinjoin_mixing
13mywZzDhjSPk5LeWbvTSq5nEHxQ,wallet,True,coinjoin_mixing
11fe9tvvLDfTRHCd9yQoSL6UBt,wallet,True,coinjoin_mixing
1rbS4PCpitpVxSDCDNLtgpy17ktR,wallet,True,coinjoin_mixing
1nna6eTZCXwaSxjsHwACqYji4QJ,wallet,True,coinjoin_mixing
bc19kv9w63hutm0wshl6deelv8j,wallet,True,coinjoin_mixing
1eAGggEGNe4V9T79BwFQuEf7b5Ej,wallet,True,coinjoin_mixing
bc1fp8a763dvkqc5clljus5nfcumkk72lx,wallet,True,coinjoin_mixing
bc1cr4t7ewtl4mj9f3mcvewkj6ray5,wallet,True,coinjoin_mixing
1n6qtWW5jhMxFzBdjSqXVAmCjPe9D,wallet,True,coinjoin_mixing
1sZeXp248bSq9jGVb7BQxyZpCs,wallet,True,coinjoin_mixing
19EapBTTn8QWNTUzgFpvbEH7Kg9mJh,wallet,True,coinjoin_mixing
1iAYKsyjrvDN9HtsfghY8Bb1j61Tri,wallet,True,coinjoin_mixing
1q1kUihzQCkkfhruw8shbBk8VLcSs9JNbi,wallet,True,coinjoin_mixing
bc1cpmcz7fht8pz2p727yu0qg90szq,wallet,True,coinjoin_mixing
bc1pwm2gwdtgxwa8hjl0qptwvlzxu,wallet,True,coinjoin_mixing
bc17adsn4wpkuj9yx935dvhw0f5n7gd0fd,wallet,True,coinjoin_mixing
1iYTstuaC7ZhF21EYNB8nfvovefVnxGW,wallet,True,coinjoin_mixing
35d1817d49819dc24caa2668400a86c9f844243b71fc4872c34f8d381b930cd1,txid,True,coinjoin_mixing
19wBVGPqni4xab2vpR3azAN7ymHQP78nR,wallet,True,coinjoin_mixing
1DPc1zHMkGVF4xWuUrfkBK7nN33detVro7,wallet,True,coinjoin_mixing
1vhGU2ZCpA38D7dqrxCMdLAonH2HkKded8,wallet,True,coinjoin_mixing
1EACUT8kHKnrbt4yVv3bQKe4qziz9cP,wallet,True,coinjoin_mixing
1oQw3QZfXa9x17q6D63hdZpaJ4zRVqmJ,wallet,True,coinjoin_mixing
bc16zlctgk5ffp92ryv4r57ylf7cf,wallet,True,coinjoin_mixing
17h3rkQ9ypwNtA4qZfh64PBvs7G,wallet,True,coinjoin_mixing
bc1kl7a7u7rera32ra2y62p9hvyya,wallet,True,coinjoin_mixing
bc1ankf8rmzhw7x2tjq9s2sys44p9vlc0,wallet,True,coinjoin_mixing
bc166ypqzq2tqu7ax74trrja7t2m0hnted,wallet,True,coinjoin_mixing
bc1frawfukmfzea27f2z5mzd53k5,wallet,True,coinjoin_mixing
bc144w25jlktpntzwy55ejw4h098n7t5gdm,wallet,True,coinjoin_mixing
1pzs85j2NR178mxERFugeTwEGfkKinFfP,wallet,True,coinjoin_mixing
1JJJEC87ETg6Sm2UQ32PSg7zAV4Sh,wallet,True,coinjoin_mixing
1sxJZM61omV65S18sKetkDHPxqK7thQr,wallet,True,coinjoin_mixing
1KE52x8x6Wqfw4U8nuLPyoPcQTQWoDNpaM,wallet,True,coinjoin_mixing
1ZtquYxrfJh2YHS2Tw93ZHQnQt3JNfJre,wallet,True,coinjoin_mixing
1e89XRom42TfGzwHusLgwhtxa9zR,wallet,True,coinjoin_mixing
1AQzZ1PwLJduh2hbi54JcBpgyceGM5P,wallet,True,coinjoin_mixing
bc159v0hyl3j6aljszy7er5r0hy0xeku25,wallet,True,coinjoin_mixing
bc14nuthy4f5jxnvzks52dr58x5kt,wallet,True,coinjoin_mixing
bc1jlj5wjlpz304nm2j5pnh6ul5,wallet,True,coinjoin_mixing
1Ntiu5o4eRsXPvX9qZvYchgC2a6,wallet,True,coinjoin_mixing
bc10w9s06f7m78cp4p3tk224lfcnfze94v,wallet,True,coinjoin_mixing
bc18fwsyxnmwxzflhmpa0e2k0m734hl0j,wallet,True,coinjoin_mixing
1qDkKnGAz94XdNK5hpA8hsVcr13,wallet,True,coinjoin_mixing
1kFozGDRQXd6sZ5Vcjsj6bF5B3Kpjgq,wallet,True,coinjoin_mixing
1kARk8igaTgEPvmcZZJ2fKhcbCeK1X,wallet,True,coinjoin_mixing
18pcGHsvqFKeBFVihz5DZvejYZ,wallet,True,coinjoin_mixing
bc1xa7p9d06f26unju0nyezscuuuj,wallet,True,coinjoin_mixing
9c7d48314a8985ede0ff06d73f41e3258535a309ae7420bc12a3a50b529c3e01,txid,True,coinjoin_mixing
bc1hlps67uvjcgvhqne6r22z2355y,wallet,True,coinjoin_mixing
1CTX2AGPtXP2Yc9S7nyJ2Bqjcbva,wallet,True,coinjoin_mixing
1fjEGqheu56Kthdgc77Zh1nxrychYJ,wallet,True,coinjoin_mixing
bc15rfp909m4hgakx3x79kg8rk78jylmxt0,wallet,True,coinjoin_mixing
bc1mlfq6063nwg0vv93a55nre52,wallet,True,coinjoin_mixing
1PCJPL5fSLbR5pa1SW7QU8CotMdbaEwxJ,wallet,True,coinjoin_mixing
1MsmEi5x9GcihLVKMnPTJkZ9nyFjSD23TQ,wallet,True,coinjoin_mixing
bc1ktqm89dwjwn8eg9f83ulcrnkmdt4f0,wallet,True,coinjoin_mixing
11Pm2GtQomys1ByVPXZqYBUh2qXr6W,wallet,True,coinjoin_mixing
1KcBA3DoNRDqLKWAnBaMte6dJQ76jk9hn,wallet,True,coinjoin_mixing
bc174r7pj7v2fq76wxskhlt7fk,wallet,True,coinjoin_mixing
bc1w0mjstx4lsrktcyv0uuxc8zfg49hs5ak,wallet,True,coinjoin_mixing
1CDD5Ernd7ySZ5a9YP2tHGBjuVyyD,wallet,True,coinjoin_mixing
bc19dejdsj9lnzwtczxs8su0tjyd,wallet,True,coinjoin_mixing
1qcBUks8NWDD1BpU4TyzSNYvDTr8xD8,wallet,True,coinjoin_mixing
bc129mgrg9f2lllrjdamxtn0pyylp90n3,wallet,True,coinjoin_mixing
1ceBzisj5yknmcEctixmb8k3MBSmy7,wallet,True,coinjoin_mixing
1SeoXq5cCv7DefjLYFXzH6sF6r5fD,wallet,True,coinjoin_mixing
1WwdWdtmX9zvWSkfEkGD6JGHmhKuBCT58,wallet,True,coinjoin_mixing
1K2nRfEhYNC3VxjJoig1V5T2XSf,wallet,True,coinjoin_mixing
1VHvmX6F3UsSAazsZn87by4gXEUT,wallet,True,coinjoin_mixing
1uSbW131rEb3aNdvd1TWsdip6GDvqY3eE7,wallet,True,coinjoin_mixing
184qpH4vGjMkus7wRdykAYB2uVdhE,wallet,True,coinjoin_mixing
bc19melsv9ldmnrh4u5pv5myrmmcqns,wallet,True,coinjoin_mixing
